dataset_num;avg_time
0;0.0014084
1;0.0002993
